form	lemma	POS	morph
༄༅། །		PUNCT
ཧོར་	ཧོར་	PROPN
འོད་ཟེར་	འོད་ཟེར་	NOUN
གྱི་	གི་	PART
ངོ་	ངོ་	PART
ར་	ལ་	PART
གདམས་པ་	གདམས་པ་	VERB
།		PUNCT
གང་	གང་	NO_POS
གི་	གི་	PART
རང་བཞིན་	རང་བཞིན་	NOUN
སྤྲོས་པ་	སྤྲོས་པ་	VERB
ས་	གིས་	PART
མི་	མི་	PART
མཚོན་པ་	མཚོན་པ་	VERB
། །		PUNCT
བརྟན་གཡོ་	བརྟན་གཡོ་	NO_POS
ཀུན་	ཀུན་	DET
གྱི་	གི་	PART
གཉུག་	གཉུག་	NO_POS
མ་	མ་	PART
འི་	གི་	PART
དེ་	དེ་	DET
ཁོ་ན་	ཁོ་ན་	DET
། །		PUNCT
རྒྱུད་སྡེ་	རྒྱུད་སྡེ་	NOUN
རྒྱ་མཚོ་	རྒྱ་མཚོ་	NOUN
འི་	གི་	PART
སྙིང་པོ་	སྙིང་པོ་	NOUN
འི་	གི་	PART
དོན་	དོན་	NOUN
གཅིག་པུ་	གཅིག་པུ་	ADJ
"།
།"		PUNCT
དཔལ་ལྡན་	དཔལ་ལྡན་	ADJ
བླ་མ་	བླ་མ་	NOUN
འི་	གི་	PART
ངོ་བོ་	ངོ་བོ་	NOUN
ར་	ལ་	PART
ཤེས་པ་	ཤེས་པ་	VERB
ས་	གིས་	PART
འདུད་	འདུད་	NO_POS
། །		PUNCT
ཐེག་མཆོག་	ཐེག་མཆོག་	OTHER
རྡོ་རྗེ་	རྡོ་རྗེ་	NOUN
སྙིང་པོ་	སྙིང་པོ་	NOUN
འི་	གི་	PART
ཆོ་	ཆོ་	NOUN
ཚུལ་	ཚུལ་	NOUN
ལ་	ལ་	ADP
། །		PUNCT
མོས་པ་	མོས་པ་	VERB
འི་	གི་	PART
བློ་ལྡན་	བློ་ལྡན་	NOUN
ཁྱེད་	ཁྱེད་	PRON
ཀྱིས་	གིས་	PART
གང་	གང་	NO_POS
དྲིས་པ་	དྲིས་པ་	VERB
། །		PUNCT
དེ་	དེ་	DET
འདྲ་	འདྲ་	VERB
བདག་	བདག་	PRON
བློ་	བློ་	NOUN
འི་	གི་	PART
རྩལ་	རྩལ་	NOUN
གྱིས་	གིས་	PART
ཤོད་	ཤོད་	VERB
དཀའ་	དཀའ་	VERB
ཡང་	ཀྱང་	PART
"།
།"		PUNCT
བླ་མ་	བླ་མ་	NOUN
འི་	གི་	PART
ལུང་	ལུང་	NOUN
ལ་	ལ་	ADP
བརྟེན་	བརྟེན་	VERB
ན་	ནས་	PART
ཆ་ཙམ་	ཆ་ཙམ་	OTHER
དབྱེ་	དབྱེ་	VERB
། །		PUNCT
དེ་	དེ་	DET
ལ་	ལ་	ADP
སྤྱི་		
རྫོགས་ཆེན་	རྫོགས་ཆེན་	NOUN
གྱི་	གི་	PART
གདམས་པ་	གདམས་པ་	VERB
འི་	གི་	PART
ཟབ་	ཟབ་	VERB
ཁྱད་	ཁྱད་	NOUN
མཐའ་	མཐའ་	NOUN
ཡ་		
ཀྱང་	ཀྱང་	PART
།		PUNCT
རྩ་བ་	རྩ་བ་	NOUN
འི་	གི་	PART
གནད་	གནད་	NOUN
ནི་	ནི་	NO_POS
ཡོན་ཏན་	ཡོན་ཏན་	NOUN
རིན་པོ་ཆེ་	རིན་པོ་ཆེ་	ADJ
འི་	གི་	PART
མཛོད་	མཛོད་	NOUN
ལ་	ལ་	ADP
ས་	གིས་	PART
།		PUNCT
གང་དག་	གང་དག་	NO_POS
སེམས་ལས་	སེམས་ལས་	NOUN
འདས་པ་	འདས་པ་	VERB
འི་	གི་	PART
རིག་པ་	རིག་པ་	VERB
ནི་	ནི་	NO_POS
། །		PUNCT
རང་བཞིན་	རང་བཞིན་	NOUN
རྫོགས་པ་	རྫོགས་པ་	VERB
ཆེན་པོ་	ཆེན་པོ་	ADJ
འི་	གི་	PART
ཁྱད་ཆོས་	ཁྱད་ཆོས་	NOUN
ཡིན་	ཡིན་	NO_POS
། །		PUNCT
ཞེ་	ཅེས་	PART
གསུངས་པ་	གསུངས་པ་	VERB
ལྟ་	ལྟ་	OTHER
སེམས་	སེམས་	NOUN
རིག་	རིག་	VERB
ཤན་འབྱེད་	ཤན་འབྱེད་	OTHER
ལ་	ལ་	ADP
ཐུག་པ་	ཐུག་པ་	VERB
ས་	གིས་	PART
།		PUNCT
དེ་ཉིད་	དེ་ཉིད་	NOUN
གནད་	གནད་	NOUN
དུ་	ལ་	PART
བཟུང་	བཟུང་	NO_POS
ཚུལ་	ཚུལ་	NOUN
བྲིས་	བྲིས་	VERB
འདུག་པ་	འདུག་པ་	VERB
ནི་	ནི་	NO_POS
དམ་པ་	དམ་པ་	VERB
འི་	གི་	PART
གསུང་སྒྲོས་	གསུང་སྒྲོས་	NOUN
མ་	མ་	PART
ནོར་བ་	ནོར་བ་	VERB
ར་	ལ་	PART
ཟིན་པ་	ཟིན་པ་	VERB
སྟེ་	སྟེ་	PART
རྗེས་སུ་	རྗེས་སུ་	OTHER
ཡི་	ཡི་	ADP
རང་	རང་	PRON
ལགས་	ལགས་	AUX
།		PUNCT
གཉུག་	གཉུག་	NO_POS
མ་	མ་	PART
འི་	གི་	PART
རིག་པ་	རིག་པ་	VERB
དང་	དང་	NO_POS
།		PUNCT
འོད་གསལ་	འོད་གསལ་	NOUN
རྡོ་རྗེ་	རྡོ་རྗེ་	NOUN
འི་	གི་	PART
སེམས་	སེམས་	NOUN
གཉིས་	གཉིས་	NUM
དོན་	དོན་	NOUN
གཅིག་	གཅིག་	NUM
ལ་	ལ་	ADP
།		PUNCT
དེ་ཉིད་	དེ་ཉིད་	NOUN
སྔགས་	སྔགས་	NOUN
བླ་མེད་	བླ་མེད་	ADJ
ཀྱི་	གི་	PART
རྒྱུད་སྡེ་	རྒྱུད་སྡེ་	NOUN
ཐམས་ཅད་	ཐམས་ཅད་	DET
དུ་	ལ་	PART
རྩལ་འདོན་	རྩལ་འདོན་	NO_POS
མཛད་	མཛད་	VERB
ན་	ནས་	PART
མ་	མ་	PART
བཤད་པ་	བཤད་པ་	VERB
མེད་	མེད་	VERB
ཀྱང་	ཀྱང་	PART
།		PUNCT
རླུང་	རླུང་	NOUN
སེམས་	སེམས་	NOUN
དབུ་མ་	དབུ་མ་	PROPN
ར་	ལ་	PART
འཛུད་པ་	འཛུད་པ་	VERB
འི་	གི་	PART
མན་ངག་	མན་ངག་	NOUN
གིས་	གིས་	PART
ཀུན་རྟོག་	ཀུན་རྟོག་	NOUN
བཅད་པ་	བཅད་པ་	VERB
འི་	གི་	PART
སྐབས་	སྐབས་	NOUN
སུ་	སུ་	ADP
འོད་གསལ་	འོད་གསལ་	NOUN
ངོས་བཟུང་	ངོས་བཟུང་	NOUN
སྟེ་	སྟེ་	PART
སྒོམ་པ་	སྒོམ་པ་	VERB
འི་	གི་	PART
ཕྱོགས་	ཕྱོགས་	NOUN
ཁོ་ན་	ཁོ་ན་	DET
མང་	མང་	VERB
ལ་	ལ་	ADP
།		PUNCT
ལུགས་	ལུགས་	NOUN
འདི་	འདི་	DET
ར་	ལ་	PART
ནི་	ནི་	NO_POS
ཀུན་རྟོག་	ཀུན་རྟོག་	NOUN
གི་	གི་	PART
སྟེང་	སྟེང་	NOUN
ན་	ན་	ADP
འོད་གསལ་	འོད་གསལ་	NOUN
ཏིལ་འབྲུ་	ཏིལ་འབྲུ་	NOUN
སྣུམ་	སྣུམ་	NOUN
ཁྱབ་	ཁྱབ་	VERB
ལྟ་	ལྟ་	OTHER
གནས་པ་	གནས་པ་	VERB
འི་	གི་	PART
དུས་	དུས་	NOUN
ཉིད་	ཉིད་	DET
ན་	ན་	ADP
བཅར་ཕོག་	བཅར་ཕོག་	NO_POS
ཏུ་	ལ་	PART
ངོས་བཟུང་	ངོས་བཟུང་	NOUN
སྟེ་	སྟེ་	PART
སྐྱོང་	སྐྱོང་	VERB
ཚུལ་	ཚུལ་	NOUN
སྟོན་པ་	སྟོན་པ་	NOUN
འི་	གི་	PART
ཁྱད་	ཁྱད་	NOUN
ཆེ་	ཆེ་	VERB
ཞིང་	ཞིང་	SCONJ
།		PUNCT
དེ་	དེ་	DET
འི་	གི་	PART
དབང་	དབང་	NOUN
གིས་	གིས་	PART
ཡེ་ཤེས་	ཡེ་ཤེས་	NOUN
མཆོག་	མཆོག་	ADJ
སྒྲུབ་པ་	སྒྲུབ་པ་	VERB
ལ་	ལ་	ADP
རྩོལ་བ་	རྩོལ་བ་	VERB
ཆེ་ཆུང་	ཆེ་ཆུང་	ADJ
དང་	དང་	NO_POS
མང་ཉུང་	མང་ཉུང་	NOUN
ཡང་	ཀྱང་	PART
ཆེ་	ཆེ་	VERB
མི་	མི་	PART
འདྲ་	འདྲ་	VERB
འོ་	གོ་	PART
"།
།"		PUNCT
དེ་	དེ་	DET
འི་	གི་	PART
དབང་	དབང་	NOUN
དུ་	ལ་	PART
བྱ་	བྱ་	VERB
ན་	ནས་	PART
ད་ལྟ་	ད་ལྟ་	OTHER
འི་	གི་	PART
ཤེས་པ་	ཤེས་པ་	VERB
ཐ་མལ་པ་	ཐ་མལ་པ་	ADJ
འམ་	གམ་	PART
།		PUNCT
ད་ལྟ་	ད་ལྟ་	OTHER
འི་	གི་	PART
རིག་པ་	རིག་པ་	VERB
མ་བཅོས་པ་	མ་བཅོས་པ་	NO_POS
ངོ་སྤྲོད་	ངོ་སྤྲོད་	NOUN
ལུགས་	ལུགས་	NOUN
ལ་	ལ་	ADP
ཆོས་དབྱིངས་	ཆོས་དབྱིངས་	NOUN
མཛོད་འགྲེལ་	མཛོད་འགྲེལ་	OTHER
དུ་	ལ་	PART
ཚུལ་	ཚུལ་	NOUN
བདུན་	བདུན་	NUM
གསུངས་པ་	གསུངས་པ་	VERB
སོགས་	སོགས་	DET
རྣམ་	རྣམ་	NOUN
གྲངས་	གྲངས་	NOUN
མང་	མང་	VERB
ཡང་	ཀྱང་	PART
།		PUNCT
རེ་ཞིག་	རེ་ཞིག་	NO_POS
སྟོང་ཉིད་	སྟོང་ཉིད་	NOUN
ཀྱི་	གི་	PART
ལྟ་བ་	ལྟ་བ་	VERB
འི་	གི་	PART
སྟེང་	སྟེང་	NOUN
ན་	ནས་	PART
ངོ་སྤྲོད་	ངོ་སྤྲོད་	NOUN
ཚུལ་	ཚུལ་	NOUN
ཙམ་	ཙམ་	DET
བརྗོད་	བརྗོད་	VERB
ན་	ན་	ADP
།		PUNCT
ཕྱོགས་	ཕྱོགས་	NOUN
གཞན་	གཞན་	DET
དུ་	ལ་	PART
རང་སེམས་	རང་སེམས་	NOUN
སྐྱེ་འགག་	སྐྱེ་འགག་	NOUN
གནས་	གནས་	NOUN
གསུམ་	གསུམ་	NUM
དང་	དང་	NO_POS
བྲལ་བ་	བྲལ་བ་	VERB
ར་	ལ་	PART
གཏན་	གཏན་	NOUN
ལ་	ལ་	ADP
ཕབ་	ཕབ་	VERB
ན་	ནས་	PART
།		PUNCT
དེ་ལྟ་	དེ་ལྟ་	NO_POS
ཕབ་པ་	ཕབ་པ་	VERB
འི་	གི་	PART
སྟོང་ཆ་	སྟོང་ཆ་	NO_POS
དེ་ལས་	དེ་ལས་	NO_POS
ཡིད་	ཡིད་	NOUN
གཞན་	གཞན་	DET
དུ་མ་	དུ་མ་	ADJ
ཡེངས་པ་	ཡེངས་པ་	VERB
ར་	ལ་	PART
བྱ་	བྱ་	VERB
ཏེ་	སྟེ་	PART
།		PUNCT
སྒོམ་པ་	སྒོམ་པ་	VERB
ཡིན་ཡང་	ཡིན་ཡང་	NO_POS
།		PUNCT
འདི་	འདི་	DET
ར་	ལ་	PART
དེ་ལྟ་	དེ་ལྟ་	NO_POS
མི་	མི་	PART
བྱེད་	བྱེད་	VERB
ཀྱི་	གི་	PART
བྱུང་	བྱུང་	VERB
གནས་	གནས་	NOUN
འགྲོ་	འགྲོ་	VERB
གསུམ་	གསུམ་	NUM
བཙལ་	བཙལ་	NO_POS
ན་	ནས་	PART
ཡུལ་	ཡུལ་	NOUN
དང་	དང་	NO_POS
ཡུལ་ཅན་	ཡུལ་ཅན་	NOUN
གྱི་	གི་	PART
དམིགས་	དམིགས་	VERB
གཏད་	གཏད་	VERB
བཤིགས་པ་	བཤིགས་པ་	NON_WORD
འི་	གི་	PART
དུས་	དུས་	NOUN
སུ་	སུ་	ADP
འདི་	འདི་	DET
འོ་	གོ་	PART
ཞེ་	ཅེས་	PART
བཟུང་	བཟུང་	NO_POS
དུ་	ལ་	PART
ཅི་ཡང་	ཅི་ཡང་	OTHER
མ་	མ་	PART
རྙེད་པ་	རྙེད་པ་	VERB
འི་	གི་	PART
ངང་	ངང་	NOUN
དེ་	དེ་	DET
ར་	ལ་	PART
བཟོ་	བཟོ་	NO_POS
མེད་	མེད་	VERB
རང་བབ་	རང་བབ་	NO_POS
ཀྱི་	གི་	PART
ཤེས་པ་	ཤེས་པ་	VERB
སྟོང་གསལ་	སྟོང་གསལ་	NO_POS
སྤྲོ་	སྤྲོ་	NO_POS
བསྡུ་	བསྡུ་	VERB
དང་	དང་	NO_POS
བྲལ་བ་	བྲལ་བ་	VERB
ཞིག་	ཅིག་	PART
འཆར་	འཆར་	NO_POS
ཏེ་	སྟེ་	PART
།		PUNCT
བཞི་ཆ་	བཞི་ཆ་	NO_POS
གསུམ་	གསུམ་	NUM
བྲལ་	བྲལ་	VERB
གྱི་	གི་	PART
རིག་པ་	རིག་པ་	VERB
ཞེ་	ཅེས་	PART
བྱ་བ་	བྱ་བ་	VERB
ཡིན་	ཡིན་	NO_POS
།		PUNCT
དེ་ཉིད་	དེ་ཉིད་	NOUN
ལ་	ལ་	ADP
བཅོ་	བཅོ་	NUM
ས་	གིས་	PART
སླད་	སླད་	NOUN
ཀྱི་	གི་	PART
དྲི་མ་	དྲི་མ་	NOUN
ས་	གིས་	PART
མ་	མ་	PART
ཕོག་པ་	ཕོག་པ་	VERB
ར་	ལ་	PART
ལྷོད་	ལྷོད་	NO_POS
ཀྱིས་	གིས་	PART
གློད་	གློད་	NO_POS
དེ་	དེ་	DET
འཇོག་པ་	འཇོག་པ་	VERB
ནི་	ནི་	NO_POS
།		PUNCT
རིག་པ་	རིག་པ་	VERB
རྟེན་	རྟེན་	NOUN
མེད་	མེད་	VERB
དུ་	ལ་	PART
ཞོག་	ཞོག་	VERB
དང་	དང་	NO_POS
རྣལ་འབྱོར་པ་	རྣལ་འབྱོར་པ་	NOUN
། །		PUNCT
ཞེ་	ཅེས་	PART
གསུངས་པ་	གསུངས་པ་	VERB
འི་	གི་	PART
དོན་	དོན་	NOUN
མ་	མ་	PART
ནོར་བ་	ནོར་བ་	VERB
ཡིན་	ཡིན་	NO_POS
ནོ་	གོ་	PART
། །		PUNCT
དེ་	དེ་	DET
འང་	ཀྱང་	PART
སྔོན་འགྲོ་	སྔོན་འགྲོ་	NOUN
འི་	གི་	PART
དུས་	དུས་	NOUN
སུ་	སུ་	ADP
སེམས་	སེམས་	NOUN
ཀྱི་	གི་	PART
མཚང་	མཚང་	NOUN
བཙལ་བ་	བཙལ་བ་	VERB
དང་	དང་	NO_POS
།		PUNCT
དངོས་གཞི་	དངོས་གཞི་	NOUN
འི་	གི་	PART
ཚེ་	ཚེ་	NOUN
དེ་ལྟ་	དེ་ལྟ་	NO_POS
བཙལ་བ་	བཙལ་བ་	VERB
འི་	གི་	PART
སྟེང་	སྟེང་	NOUN
ན་	ནས་	PART
རིག་པ་	རིག་པ་	VERB
ངོ་སྤྲོད་པ་	ངོ་སྤྲོད་པ་	NOUN
གཉིས་	གཉིས་	NUM
མ་	མ་	PART
འཛིང་བ་	འཛིང་བ་	NO_POS
དགོས་	དགོས་	VERB
ཏེ་	སྟེ་	PART
།		PUNCT
ཀུན་མཁྱེན་	ཀུན་མཁྱེན་	OTHER
ཆོས་རྗེ་	ཆོས་རྗེ་	NOUN
དང་	དང་	NO_POS
གཏེར་བདག་	གཏེར་བདག་	NO_POS
གླིང་པ་	གླིང་པ་	NOUN
སོགས་	སོགས་	DET
ཀྱི་	གི་	PART
གཞུང་	གཞུང་	NOUN
ན་	ན་	ADP
གསལ་	གསལ་	VERB
ལོ་	ལོ་	NOUN
"།
།"		PUNCT
སེམས་	སེམས་	NOUN
ཀྱི་	གི་	PART
ཆ་	ཆ་	NOUN
ཐམས་ཅད་	ཐམས་ཅད་	DET
རིག་པ་	རིག་པ་	VERB
ར་	ལ་	PART
ཐག་	ཐག་	VERB
བཅད་	བཅད་	VERB
ཅེས་	ཅེས་	PART
འབྲི་	འབྲི་	VERB
ས་	གིས་	PART
འདུག་པ་	འདུག་པ་	VERB
འདི་	འདི་	DET
ལ་	ལ་	ADP
ཞུ་དག་	ཞུ་དག་	NO_POS
བྱ་	བྱ་	VERB
ན་	ན་	ADP
།		PUNCT
སེམས་	སེམས་	NOUN
ཀྱི་	གི་	PART
ཆ་	ཆ་	NOUN
ཐམས་ཅད་	ཐམས་ཅད་	DET
རིག་པ་	རིག་པ་	VERB
འི་	གི་	PART
རང་	རང་	PRON
རྩལ་	རྩལ་	NOUN
དུ་	ལ་	PART
ཤར་བ་	ཤར་བ་	VERB
ཡིན་	ཡིན་	NO_POS
གྱི་	གི་	PART
།		PUNCT
རིག་པ་	རིག་པ་	VERB
དངོ་	དངོ་	NOUN
མིན་	མིན་	AUX
ཟེ་	ཟེ་	VERB
དགོས་	དགོས་	VERB
ཏེ་	སྟེ་	PART
།		PUNCT
གཞན་	གཞན་	DET
དུ་	ལ་	PART
ན་	ན་	ADP
སེམས་	སེམས་	NOUN
རིག་	རིག་	VERB
ཤན་འབྱེད་	ཤན་འབྱེད་	OTHER
ཅེས་པ་	ཅེས་པ་	PART
འང་	ཀྱང་	PART
རིག་པ་	རིག་པ་	VERB
དང་	དང་	NO_POS
རིག་པ་	རིག་པ་	VERB
ཤན་འབྱེད་	ཤན་འབྱེད་	OTHER
ཅེས་པ་	ཅེས་པ་	PART
ར་	ལ་	PART
འགྱུར་བ་	འགྱུར་བ་	VERB
འི་	གི་	PART
ཕྱི་	ཕྱི་	OTHER
རོ་	རོ་	NOUN
"།
།"		PUNCT
ཡུལ་	ཡུལ་	NOUN
སེམས་	སེམས་	NOUN
ཐམས་ཅད་	ཐམས་ཅད་	DET
རིག་པ་	རིག་པ་	VERB
འི་	གི་	PART
རྩལ་	རྩལ་	NOUN
དུ་	ལ་	PART
ཐག་	ཐག་	VERB
ཆོད་	ཆོད་	VERB
ཀྱང་	ཀྱང་	PART
།		PUNCT
ཉོན་མོངས་པ་	ཉོན་མོངས་པ་	NOUN
དང་	དང་	NO_POS
རྣམ་རྟོག་	རྣམ་རྟོག་	NOUN
ཁ་	ཁ་	PRON
མ་	མ་	PART
བྲི་	བྲི་	NO_POS
ན་	ན་	ADP
འཆིང་	འཆིང་	NO_POS
ཨེ་	ཨེ་	PART
ནུས་	ནུས་	VERB
།		PUNCT
ཞེ་	ཅེས་	PART
སོགས་	སོགས་	DET
འདྲི་བ་	འདྲི་བ་	VERB
ལ་	ལ་	ADP
སྤྱི་		
འོད་གསལ་	འོད་གསལ་	NOUN
ལ་	ལ་	ADP
སྲབ་འཐུག་	སྲབ་འཐུག་	NO_POS
གི་	གི་	PART
རིམ་པ་	རིམ་པ་	NOUN
མང་པོ་	མང་པོ་	ADJ
ཡོད་པ་	ཡོད་པ་	VERB
ས་	གིས་	PART
།		PUNCT
དང་པོ་	དང་པོ་	ADJ
འི་	གི་	PART
དུས་	དུས་	NOUN
སུ་	སུ་	ADP
རིག་	རིག་	VERB
ཐོག་	ཐོག་	NOUN
ན་	ནས་	PART
མ་	མ་	PART
ཡེངས་	ཡེངས་	NO_POS
ཀྱང་	ཀྱང་	PART
།		PUNCT
དགེ་སྡིག་	དགེ་སྡིག་	NOUN
གི་	གི་	PART
རྟོག་པ་	རྟོག་པ་	VERB
སྣ་ཚོགས་	སྣ་ཚོགས་	DET
ཆུ་རླབས་	ཆུ་རླབས་	NOUN
ལྟ་	ལྟ་	OTHER
འབྱུང་བ་	འབྱུང་བ་	VERB
མང་	མང་	VERB
དུ་ཡོད་	དུ་ཡོད་	NO_POS
ལ་	ལ་	ADP
།		PUNCT
དེ་ལྟ་	དེ་ལྟ་	NO_POS
འབྱུང་	འབྱུང་	VERB
ཡང་	ཀྱང་	PART
རྩ་བ་	རྩ་བ་	NOUN
རིག་པ་	རིག་པ་	VERB
འི་	གི་	PART
ཡེ་ཤེས་	ཡེ་ཤེས་	NOUN
རང་མལ་	རང་མལ་	NO_POS
ན་	ནས་	PART
མ་	མ་	PART
གཡོས་པ་	གཡོས་པ་	VERB
འི་	གི་	PART
དབང་	དབང་	NOUN
གིས་	གིས་	PART
།		PUNCT
ཀུན་རྟོག་	ཀུན་རྟོག་	NOUN
དེ་	དེ་	DET
རྣམས་	རྣམས་	DET
སྐད་ཅིག་	སྐད་ཅིག་	OTHER
དང་པོ་	དང་པོ་	ADJ
ར་	ལ་	PART
ཐོལ་	ཐོལ་	ADV
གྱིས་	གིས་	PART
ཤ་	ཤ་	VERB
ཡང་	ཀྱང་	PART
།		PUNCT
གཉིས་པ་	གཉིས་པ་	NUM
ར་	ལ་	PART
དེ་	དེ་	DET
འི་	གི་	PART
རྒྱུན་མཐུད་	རྒྱུན་མཐུད་	NO_POS
མི་	མི་	PART
ནུས་པ་	ནུས་པ་	VERB
ར་	ལ་	PART
འོད་གསལ་	འོད་གསལ་	NOUN
གཉུག་	གཉུག་	NO_POS
མ་	མ་	PART
འི་	གི་	PART
དབྱིངས་	དབྱིངས་	NOUN
སུ་	སུ་	ADP
སིབ་	སིབ་	NO_POS
ཀྱིས་	གིས་	PART
ཐིམ་	ཐིམ་	NO_POS
འགྲོ་བ་	འགྲོ་བ་	VERB
ས་	གིས་	PART
རྒྱུན་	རྒྱུན་	NOUN
མི་	མི་	PART
འཆིང་	འཆིང་	NO_POS
ཞེ་	ཅེས་	PART
གསུངས་	གསུངས་	VERB
ཏེ་	སྟེ་	PART
།		PUNCT
མི་	མི་	PART
འཆིང་བ་	འཆིང་བ་	VERB
འི་	གི་	PART
རྒྱུ་མཚན་	རྒྱུ་མཚན་	NOUN
ནི་	ནི་	NO_POS
།		PUNCT
སྐད་ཅིག་	སྐད་ཅིག་	OTHER
གཉིས་པ་	གཉིས་པ་	NUM
ར་	ལ་	PART
རྒྱུན་	རྒྱུན་	NOUN
མ་	མ་	PART
མཐུད་པ་	མཐུད་པ་	VERB
གཅིག་པུ་	གཅིག་པུ་	ADJ
དེ་མིན་	དེ་མིན་	OTHER
གྱི་	གི་	PART
།		PUNCT
རྣམ་རྟོག་	རྣམ་རྟོག་	NOUN
སྐད་ཅིག་	སྐད་ཅིག་	OTHER
དང་པོ་	དང་པོ་	ADJ
སྐྱེ་	སྐྱེ་	NOUN
དུས་	དུས་	NOUN
ན་	ནས་	PART
འོད་གསལ་	འོད་གསལ་	NOUN
གྱི་	གི་	PART
དགོངས་པ་	དགོངས་པ་	VERB
འི་	གི་	PART
རྒྱ་	རྒྱ་	VERB
ཐེབས་པ་	ཐེབས་པ་	VERB
འི་	གི་	PART
གནད་	གནད་	NOUN
ཀྱིས་	གིས་	PART
ཡིན་	ཡིན་	NO_POS
ཏེ་	སྟེ་	PART
།		PUNCT
བསྐྱེད་རིམ་	བསྐྱེད་རིམ་	NOUN
ཙམ་	ཙམ་	DET
ལ་	ལ་	ADP
གནས་པ་	གནས་པ་	VERB
འི་	གི་	PART
སྔགས་པ་	སྔགས་པ་	NOUN
ས་	གིས་	PART
ཀྱང་	ཀྱང་	PART
སྣང་	སྣང་	VERB
སྤྱོད་	སྤྱོད་	VERB
ཐམས་ཅད་	ཐམས་ཅད་	DET
ལྷ་	ལྷ་	NOUN
འི་	གི་	PART
རྣལ་འབྱོར་	རྣལ་འབྱོར་	NOUN
གྱི་	གི་	PART
རྒྱ་	རྒྱ་	VERB
ཐེབས་པ་	ཐེབས་པ་	VERB
འི་	གི་	PART
དབང་	དབང་	NOUN
གིས་	གིས་	PART
བསྒུལ་	བསྒུལ་	NO_POS
བསྐྱོད་	བསྐྱོད་	VERB
འགྲོ་འདུག་	འགྲོ་འདུག་	NO_POS
སོགས་	སོགས་	DET
གཞན་	གཞན་	DET
ལ་ལུང་	ལ་ལུང་	NO_POS
མ་	མ་	PART
བསྟན་	བསྟན་	VERB
དུ་	ལ་	PART
འགྲོ་བ་	འགྲོ་བ་	VERB
རྣམས་	རྣམས་	DET
ཀྱང་	ཀྱང་	PART
སྔགས་	སྔགས་	NOUN
དང་	དང་	NO_POS
ཕྱག་རྒྱ་	ཕྱག་རྒྱ་	NOUN
ལ་སོགས་པ་	ལ་སོགས་པ་	NO_POS
ཚོགས་	ཚོགས་	NOUN
གཉིས་	གཉིས་	NUM
ཀྱི་	གི་	PART
སྒོ་	སྒོ་	NOUN
རླབས་པོ་ཆེ་	རླབས་པོ་ཆེ་	OTHER
ར་	ལ་	PART
འགྱུར་བ་	འགྱུར་བ་	VERB
ར་	ལ་	PART
གསུང་	གསུང་	VERB
ན་	ན་	ADP
།		PUNCT
དེ་ལྟ་	དེ་ལྟ་	NO_POS
ཅི་	ཅི་	NO_POS
སྨོས་པ་	སྨོས་པ་	VERB
འི་	གི་	PART
ཕྱི་	ཕྱི་	OTHER
རོ་	རོ་	NOUN
། །		PUNCT
འོན་ཀྱང་	འོན་ཀྱང་	NO_POS
རིག་	རིག་	VERB
ཐོག་	ཐོག་	NOUN
ཏུ་	ལ་	PART
མཉམ་པ་	མཉམ་པ་	VERB
ར་	ལ་	PART
མི་	མི་	PART
འཇོག་པ་	འཇོག་པ་	VERB
ར་	ལ་	PART
།		PUNCT
གང་	གང་	NO_POS
ཤ་	ཤ་	VERB
ཐམས་ཅད་	ཐམས་ཅད་	DET
རིག་པ་	རིག་པ་	VERB
འི་	གི་	PART
རང་	རང་	PRON
རྩལ་	རྩལ་	NOUN
དུ་	ལ་	PART
ཤེས་པ་	ཤེས་པ་	VERB
འི་	གི་	PART
གོ་	གོ་	VERB
ཡུལ་	ཡུལ་	NOUN
ཡོད་པ་	ཡོད་པ་	VERB
ཙམ་	ཙམ་	DET
གྱིས་	གིས་	PART
ནི་	ནི་	NO_POS
རང་གྲོལ་	རང་གྲོལ་	NOUN
གྱི་	གི་	PART
གདེངས་	གདེངས་	NOUN
ཚད་	ཚད་	NOUN
རྗེས་	རྗེས་	NOUN
མཐུན་	མཐུན་	VERB
ཙམ་	ཙམ་	DET
ཡང་	ཀྱང་	PART
མི་	མི་	PART
རྙེད་པ་	རྙེད་པ་	VERB
ས་	གིས་	PART
།		PUNCT
འཇིག་རྟེན་	འཇིག་རྟེན་	NOUN
ཕལ་པ་	ཕལ་པ་	NOUN
ལྟ་	ལྟ་	OTHER
ལ་	ལ་	ADP
ས་	གིས་	PART
ཉོན་	ཉོན་	VERB
གྱི་	གི་	PART
འཁྲུལ་པ་	འཁྲུལ་པ་	NO_POS
འི་	གི་	PART
གཞན་དབང་	གཞན་དབང་	NO_POS
དུ་	ལ་	PART
འགྲོ་བ་	འགྲོ་བ་	VERB
ར་	ལ་	PART
ཟད་	ཟད་	VERB
དོ་	གོ་	PART
"།
།"		PUNCT
འདི་	འདི་	DET
འི་	གི་	PART
མཉམ་བཞག་	མཉམ་བཞག་	NOUN
ཏུ་	ལ་	PART
གཉིས་	གཉིས་	NUM
སྣང་	སྣང་	VERB
ནུབ་	ནུབ་	ADV
ཨེ་	ཨེ་	PART
དགོས་	དགོས་	VERB
།		PUNCT
གཉིས་	གཉིས་	NUM
སྣང་	སྣང་	VERB
མ་	མ་	PART
ནུབ་པ་	ནུབ་པ་	VERB
ར་	ལ་	PART
རྫོགས་ཆེན་	རྫོགས་ཆེན་	NOUN
གྱི་	གི་	PART
རིག་པ་	རིག་པ་	VERB
ངོ་མ་	ངོ་མ་	OTHER
འཕྲོད་པ་	འཕྲོད་པ་	VERB
ཨེ་	ཨེ་	PART
ཡོད་	ཡོད་	VERB
།		PUNCT
ཅེས་པ་	ཅེས་པ་	PART
ར་	ལ་	PART
།		PUNCT
སྣང་	སྣང་	VERB
བཞི་	བཞི་	NUM
འི་	གི་	PART
རྟོགས་པ་	རྟོགས་པ་	VERB
མཐོན་པོ་	མཐོན་པོ་	ADJ
ར་	ལ་	PART
སླེབས་	སླེབས་	VERB
དུས་མཉམ་	དུས་མཉམ་	ADV
བཞག་	བཞག་	VERB
ཏུ་	ལ་	PART
གཉིས་	གཉིས་	NUM
སྣང་	སྣང་	VERB
གི་	གི་	PART
སྤྲོས་པ་	སྤྲོས་པ་	VERB
མཐའ་དག་	མཐའ་དག་	DET
ཞི་བ་	ཞི་བ་	VERB
འབྱུང་	འབྱུང་	VERB
ཡང་	ཀྱང་	PART
།		PUNCT
རྫོགས་ཆེན་	རྫོགས་ཆེན་	NOUN
གྱི་	གི་	PART
རིག་པ་	རིག་པ་	VERB
ལ་	ལ་	ADP
མཉམ་པ་	མཉམ་པ་	VERB
ར་	ལ་	PART
བཞག་	བཞག་	VERB
ཚད་	ཚད་	NOUN
དེ་ལྟ་	དེ་ལྟ་	NO_POS
འོང་བ་	འོང་བ་	VERB
མིན་	མིན་	AUX
ཏེ་	སྟེ་	PART
།		PUNCT
གོང་	གོང་	NOUN
དུ་	ལ་	PART
འོད་གསལ་	འོད་གསལ་	NOUN
སྲབ་འཐུག་	སྲབ་འཐུག་	NO_POS
གི་	གི་	PART
རིམ་པ་	རིམ་པ་	NOUN
མང་པོ་	མང་པོ་	ADJ
ཡོད་པ་	ཡོད་པ་	VERB
ར་	ལ་	PART
བཤད་པ་	བཤད་པ་	VERB
དེ་	དེ་	DET
ས་	གིས་	PART
ཤེ་	ཤེ་	VERB
སོ་	སོ་	PART
"།
།"		PUNCT
དྲན་པ་	དྲན་པ་	VERB
འི་	གི་	PART
རྒྱུན་	རྒྱུན་	NOUN
བསྐྱངས་	བསྐྱངས་	NO_POS
ན་	ནས་	PART
བསྒོམས་པ་	བསྒོམས་པ་	VERB
ས་	གིས་	PART
ནམ་ཞིག་	ནམ་ཞིག་	NO_POS
རིག་པ་	རིག་པ་	VERB
ཉིད་	ཉིད་	DET
ཀྱི་	གི་	PART
སྟེང་	སྟེང་	NOUN
ན་	ནས་	PART
དྲན་པ་	དྲན་པ་	VERB
ཞིག་	ཅིག་	PART
སད་	སད་	VERB
འོངས་	འོངས་	VERB
ཞེ་	ཅེས་	PART
ཞལ་རྒྱུན་	ཞལ་རྒྱུན་	OTHER
ལ་	ལ་	ADP
ས་	གིས་	PART
ཐོ་	ཐོ་	VERB
ཀྱང་	ཀྱང་	PART
ཞིབ་	ཞིབ་	NO_POS
ཏུ་	ལ་	PART
རྩད་	རྩད་	NOUN
གཅོད་པ་	གཅོད་པ་	VERB
མ་བྱུང་བ་	མ་བྱུང་བ་	NO_POS
ས་	གིས་	PART
དེ་	དེ་	DET
ཇི་ལྟ་		
ཡིན་	ཡིན་	NO_POS
།		PUNCT
ཞེས་་	ཞེས་པ་	PART
ར་	ལ་	PART
།		PUNCT
ཐུན་མོང་	ཐུན་མོང་	ADJ
སེམས་	སེམས་	NOUN
གནས་	གནས་	NOUN
ཀྱི་	གི་	PART
བསམ་གཏན་	བསམ་གཏན་	NOUN
ལ་	ལ་	ADP
གནས་ཆ་	གནས་ཆ་	NO_POS
ཡོད་	ཡོད་	VERB
ཀྱང་	ཀྱང་	PART
གློ་བུར་་	གློ་བུར་བ་	OTHER
འི་	གི་	PART
རྟེན་	རྟེན་	NOUN
ཅན་	ཅན་	PART
ཡིན་	ཡིན་	NO_POS
ཕྱི་	ཕྱི་	OTHER
རླབས་	རླབས་	OTHER
ཆུང་	ཆུང་	VERB
ལ་	ལ་	ADP
།		PUNCT
རིག་པ་	རིག་པ་	VERB
རང་གནས་	རང་གནས་	NOUN
ཀྱི་	གི་	PART
བསམ་གཏན་	བསམ་གཏན་	NOUN
ནི་	ནི་	NO_POS
གཉུག་	གཉུག་	NO_POS
མ་	མ་	PART
འི་	གི་	PART
རང་གཤིས་	རང་གཤིས་	OTHER
ཡིན་པ་	ཡིན་པ་	AUX
ས་	གིས་	PART
ཆོས་ཉིད་	ཆོས་ཉིད་	NOUN
ཀྱི་	གི་	PART
རླན་	རླན་	NO_POS
དང་	དང་	NO_POS
མི་	མི་	PART
འབྲལ་བ་	འབྲལ་བ་	VERB
ར་	ལ་	PART
ཐེག་མཆོག་	ཐེག་མཆོག་	OTHER
མཛོད་	མཛོད་	NOUN
དང་	དང་	NO_POS
རྣམ་མཁྱེན་	རྣམ་མཁྱེན་	NOUN
ཤིང་རྟ་	ཤིང་རྟ་	NOUN
ལ་	ལ་	ADP
ས་	གིས་	PART
གསུངས་པ་	གསུངས་པ་	VERB
ལྟ་	ལྟ་	OTHER
།		PUNCT
རིག་	རིག་	VERB
ཐོག་	ཐོག་	NOUN
ན་	ན་	ADP
འདུ་བྱེད་	འདུ་བྱེད་	NOUN
ཀྱི་	གི་	PART
དྲན་པ་	དྲན་པ་	VERB
ཞེ་	ཅེས་	PART
གྲགས་པ་	གྲགས་པ་	VERB
དམིགས་	དམིགས་	VERB
གཏད་	གཏད་	VERB
ཅན་	ཅན་	PART
གྱི་	གི་	PART
དྲན་འཛིན་	དྲན་འཛིན་	NO_POS
མེད་	མེད་	VERB
ཀྱང་	ཀྱང་	PART
།		PUNCT
རྩོལ་	རྩོལ་	NO_POS
མེད་	མེད་	VERB
རང་	རང་	PRON
བཞག་	བཞག་	VERB
གི་	གི་	PART
དྲན་པ་	དྲན་པ་	VERB
འམ་	གམ་	PART
།		PUNCT
ཆོས་ཉིད་	ཆོས་ཉིད་	NOUN
མ་བཅོས་པ་	མ་བཅོས་པ་	NO_POS
འི་	གི་	PART
དྲན་པ་	དྲན་པ་	VERB
ཞེ་	ཅེས་	PART
འོད་གསལ་	འོད་གསལ་	NOUN
རང་ས་	རང་ས་	OTHER
ཟིན་	ཟིན་	VERB
ཅིང་	ཅིང་	PART
།		PUNCT
རྩལ་	རྩལ་	NOUN
ཐོག་	ཐོག་	NOUN
ཏུ་	ལ་	PART
མི་	མི་	PART
འཆོར་བ་	འཆོར་བ་	VERB
ར་	ལ་	PART
བྱེད་པ་	བྱེད་པ་	VERB
འི་	གི་	PART
གཉུག་	གཉུག་	NO_POS
མ་	མ་	PART
འི་	གི་	PART
དྲན་པ་	དྲན་པ་	VERB
ཡོད་	ཡོད་	VERB
ཅེས་པ་	ཅེས་པ་	PART
ཡིན་	ཡིན་	NO_POS
ནོ་	གོ་	PART
། །		PUNCT
དེ་	དེ་	DET
ནི་	ནི་	NO_POS
སྒོམ་	སྒོམ་	VERB
སྟོབས་	སྟོབས་	NOUN
ཀྱིས་	གིས་	PART
རིག་པ་	རིག་པ་	VERB
མངོན་དུ་	མངོན་དུ་	NO_POS
གྱུར་པ་	གྱུར་པ་	VERB
དང་	དང་	NO_POS
མཉམ་	མཉམ་	VERB
དུ་	ལ་	PART
གསེར་	གསེར་	NOUN
དང་	དང་	NO_POS
དེ་	དེ་	DET
འི་	གི་	PART
རང་	རང་	PRON
འོད་	འོད་	NOUN
ལྟ་	ལྟ་	OTHER
ཤུགས་	ཤུགས་	NOUN
འབྱུང་	འབྱུང་	VERB
ལ་	ལ་	ADP
འོང་བ་	འོང་བ་	VERB
ཡིན་	ཡིན་	NO_POS
གྱི་	གི་	PART
།		PUNCT
ཆེད་	ཆེད་	NOUN
དུ་	ལ་	PART
གཉེར་	གཉེར་	VERB
ན་	ནས་	PART
དྲན་པ་	དྲན་པ་	VERB
བརྟེན་	བརྟེན་	VERB
དགོས་	དགོས་	VERB
ཕན་ཆད་	ཕན་ཆད་	ADV
སེམས་	སེམས་	NOUN
ཀྱི་	གི་	PART
ཕྱོགས་	ཕྱོགས་	NOUN
ལས་མི་	ལས་མི་	NOUN
འད་	འདའ་	VERB
འོ་	གོ་	PART
། །		PUNCT
འོན་ཀྱང་	འོན་ཀྱང་	NO_POS
གཉུག་	གཉུག་	NO_POS
མ་	མ་	PART
འི་	གི་	PART
དྲན་པ་	དྲན་པ་	VERB
དེ་	དེ་	DET
མངོན་དུ་	མངོན་དུ་	NO_POS
བྱ་བ་	བྱ་བ་	VERB
འི་	གི་	PART
ཐབས་	ཐབས་	NOUN
སུ་	སུ་	ADP
དང་པོ་	དང་པོ་	ADJ
ར་	ལ་	PART
འདུ་བྱེད་	འདུ་བྱེད་	NOUN
ཀྱི་	གི་	PART
དྲན་པ་	དྲན་པ་	VERB
བརྟེན་	བརྟེན་	VERB
ན་	ནས་	PART
རིག་	རིག་	VERB
ངོ་	ངོ་	PART
སྐྱོང་བ་	སྐྱོང་བ་	VERB
ནི་	ནི་	NO_POS
མི་	མི་	PART
འགོག་	འགོག་	NO_POS
སྟེ་	སྟེ་	PART
།		PUNCT
མན་ངག་	མན་ངག་	NOUN
མཛོད་	མཛོད་	NOUN
ལ་	ལ་	ADP
ས་	གིས་	PART
།		PUNCT
དང་པོ་	དང་པོ་	ADJ
འི་	གི་	PART
ལས་ཅན་	ལས་ཅན་	ADJ
འདུ་བྱེད་	འདུ་བྱེད་	NOUN
མ་	མ་	PART
ཡེངས་	ཡེངས་	NO_POS
བྱ་	བྱ་	VERB
། །		PUNCT
ཞེ་	ཅེས་	PART
སོགས་	སོགས་	DET
གསུངས་པ་	གསུངས་པ་	VERB
བཞིན་	བཞིན་	NOUN
ནོ་	གོ་	PART
། །		PUNCT
འདི་	འདི་	DET
འི་	གི་	PART
རྣལ་འབྱོར་པ་	རྣལ་འབྱོར་པ་	NOUN
འཆི་དུས་	འཆི་དུས་	NO_POS
ཐིམ་རིམ་	ཐིམ་རིམ་	NO_POS
ཇི་ལྟ་		
འོང་	འོང་	VERB
།		PUNCT
དེ་དུས་	དེ་དུས་	PRON
འཕེན་པ་	འཕེན་པ་	VERB
གཏོང་	གཏོང་	VERB
ཨེ་	ཨེ་	PART
དགོས་	དགོས་	VERB
།		PUNCT
ཞེས་་	ཞེས་པ་	PART
ར་	ལ་	PART
།		PUNCT
ས་	ས་	ADP
ས་	ས་	ADP
ལ་	ལ་	ADP
ཐིམ་པ་	ཐིམ་པ་	VERB
སོགས་	སོགས་	DET
ན་	ནས་	PART
།		PUNCT
རྣམ་ཤེས་	རྣམ་ཤེས་	NOUN
ནམ་མཁའ་	ནམ་མཁའ་	NOUN
།		PUNCT
ནམ་མཁའ་	ནམ་མཁའ་	NOUN
འོད་གསལ་	འོད་གསལ་	NOUN
།		PUNCT
འོད་གསལ་	འོད་གསལ་	NOUN
ཟུང་འཇུག་	ཟུང་འཇུག་	NOUN
།		PUNCT
ཟུང་འཇུག་	ཟུང་འཇུག་	NOUN
ཡེ་ཤེས་	ཡེ་ཤེས་	NOUN
།		PUNCT
ཡེ་ཤེས་	ཡེ་ཤེས་	NOUN
ལྷུན་གྲུབ་	ལྷུན་གྲུབ་	OTHER
ལ་	ལ་	ADP
ཐིམ་པ་	ཐིམ་པ་	VERB
འི་	གི་	PART
བ་	བ་	NOUN
དང་	དང་	NO_POS
།		PUNCT
མཐ་	མཐའ་	NOUN
ར་	ལ་	PART
ལྷུན་གྲུབ་	ལྷུན་གྲུབ་	OTHER
ནང་	ནང་	NOUN
དབྱིངས་	དབྱིངས་	NOUN
སུ་	སུ་	ADP
སྡུད་པ་	སྡུད་པ་	VERB
འི་	གི་	PART
ཚུལ་	ཚུལ་	NOUN
བཅའ་	བཅའ་	VERB
རྒྱ་	རྒྱ་	NOUN
ཆེ་	ཆེ་	VERB
ར་	ལ་	PART
ཐེག་	ཐེག་	VERB
མཆོད་	མཆོད་	VERB
མཛོད་	མཛོད་	NOUN
དང་	དང་	NO_POS
།		PUNCT
གནད་	གནད་	NOUN
འདུ་	འདུ་	VERB
ཁྲིད་ཡིག་	ཁྲིད་ཡིག་	NOUN
ཡེ་ཤེས་	ཡེ་ཤེས་	NOUN
བླ་མ་	བླ་མ་	NOUN
ར་	ལ་	PART
གསལ་བ་	གསལ་བ་	VERB
ས་	གིས་	PART
དེ་	དེ་	DET
ར་	ལ་	PART
གཟིགས་	གཟིགས་	VERB
ཤིག་	ཅིག་	PART
།		PUNCT
འདི་དུས་	འདི་དུས་	NO_POS
སྣང་	སྣང་	VERB
མཆེད་	མཆེད་	NOUN
ཐོབ་	ཐོབ་	VERB
གསུམ་	གསུམ་	NUM
རྒྱུད་	རྒྱུད་	NOUN
གཞན་	གཞན་	DET
ན་	ནས་	PART
བཤད་	བཤད་	VERB
ཚོད་	ཚོད་	NOUN
ལྟ་	ལྟ་	OTHER
འཆར་	འཆར་	NO_POS
དགོས་	དགོས་	VERB
མི་	མི་	PART
དགོས་	དགོས་	VERB
ལ་	ལ་	ADP
སྣ་ཚོགས་	སྣ་ཚོགས་	DET
སྨྲ་	སྨྲ་	VERB
ཡང་	ཀྱང་	PART
།		PUNCT
དོན་གནས་	དོན་གནས་	NO_POS
ནི་	ནི་	NO_POS
འདི་	འདི་	DET
འི་	གི་	PART
ལུགས་	ལུགས་	NOUN
ཀྱི་	གི་	PART
རིག་པ་	རིག་པ་	VERB
དང་	དང་	NO_POS
།		PUNCT
འོད་གསལ་	འོད་གསལ་	NOUN
གྱི་	གི་	PART
ཡེ་ཤེས་	ཡེ་ཤེས་	NOUN
གཅིག་	གཅིག་	NUM
ཡིན་	ཡིན་	NO_POS
།		PUNCT
དེས་ན་	དེས་ན་	NO_POS
སྣང་	སྣང་	VERB
མཆེད་	མཆེད་	NOUN
ཐོབ་	ཐོབ་	VERB
གསུམ་	གསུམ་	NUM
གྱི་	གི་	PART
མཐ་	མཐའ་	NOUN
འི་	གི་	PART
འོད་གསལ་	འོད་གསལ་	NOUN
རྫོགས་ཆེན་	རྫོགས་ཆེན་	NOUN
གྱི་	གི་	PART
རིག་པ་	རིག་པ་	VERB
དངོ་	དངོ་	NOUN
ཡིན་	ཡིན་	NO_POS
ཀྱང་	ཀྱང་	PART
།		PUNCT
རྫོགས་ཆེན་	རྫོགས་ཆེན་	NOUN
གྱི་	གི་	PART
རིག་པ་	རིག་པ་	VERB
འཆི་དུས་	འཆི་དུས་	NO_POS
མངོན་དུ་	མངོན་དུ་	NO_POS
བྱེད་ཚུལ་	བྱེད་ཚུལ་	VERB
ལ་	ལ་	ADP
སྣང་	སྣང་	VERB
མཆེད་	མཆེད་	NOUN
ཐོབ་	ཐོབ་	VERB
གསུམ་	གསུམ་	NUM
བཤད་	བཤད་	VERB
ཚོད་	ཚོད་	NOUN
བཞིན་	བཞིན་	NOUN
འོང་བ་	འོང་བ་	VERB
འི་	གི་	PART
ངེས་པ་	ངེས་པ་	VERB
མེད་	མེད་	VERB
དེ་	དེ་	DET
།		PUNCT
འོད་གསལ་	འོད་གསལ་	NOUN
འཆར་	འཆར་	NO_POS
ཚུལ་	ཚུལ་	NOUN
ལ་	ལ་	ADP
གང་ཟག་	གང་ཟག་	NOUN
གི་	གི་	PART
ཁྱད་པར་	ཁྱད་པར་	NOUN
གྱིས་	གིས་	PART
མི་	མི་	PART
འདྲ་བ་	འདྲ་བ་	VERB
སྣ་ཚོགས་	སྣ་ཚོགས་	DET
ཤིག་	ཅིག་	PART
སྣང་བ་	སྣང་བ་	VERB
འི་	གི་	PART
ཕྱི་	ཕྱི་	OTHER
ཏེ་	སྟེ་	PART
།		PUNCT
སྦ་	སྦ་	PROPN
ས་	གིས་	PART
རྒྱུད་	རྒྱུད་	NOUN
གཞན་	གཞན་	DET
དང་	དང་	NO_POS
དུས་འཁོར་	དུས་འཁོར་	PROPN
དང་	དང་	NO_POS
།		PUNCT
འདི་	འདི་	DET
ན་	ནས་	PART
གསུངས་པ་	གསུངས་པ་	VERB
འི་	གི་	PART
འོད་གསལ་	འོད་གསལ་	NOUN
དུ་	ལ་	PART
ཐིམ་པ་	ཐིམ་པ་	VERB
འི་	གི་	PART
རིམ་པ་	རིམ་པ་	NOUN
མི་	མི་	PART
འདྲ་བ་	འདྲ་བ་	VERB
བཞིན་	བཞིན་	NOUN
ནོ་	གོ་	PART
"།
།"		PUNCT
ཆོ་	ཆོ་	NOUN
འདི་	འདི་	DET
འི་	གི་	PART
ཁྱད་པར་	ཁྱད་པར་	NOUN
གྱི་	གི་	PART
གདུལ་བྱ་	གདུལ་བྱ་	NOUN
རྣམས་	རྣམས་	DET
འཆི་བ་	འཆི་བ་	VERB
འི་	གི་	PART
དུས་	དུས་	NOUN
ཀྱི་	གི་	PART
ཐིམ་རིམ་	ཐིམ་རིམ་	NO_POS
ནི་	ནི་	NO_POS
གོང་	གོང་	NOUN
དུ་	ལ་	PART
སྨོས་པ་	སྨོས་པ་	VERB
ལྟ་	ལྟ་	OTHER
ཡིན་	ཡིན་	NO_POS
ལ་	ལ་	ADP
།		PUNCT
དེ་	དེ་	DET
འི་	གི་	PART
ཚེ་	ཚེ་	NOUN
འཕེན་པ་	འཕེན་པ་	VERB
སྔོན་	སྔོན་	ADV
དུ་	ལ་	PART
གཏོང་བ་	གཏོང་བ་	VERB
ནི་	ནི་	NO_POS
གལ་ཆེ་	གལ་ཆེ་	OTHER
སྟེ་	སྟེ་	PART
།		PUNCT
མགྲོན་པོ་	མགྲོན་པོ་	OTHER
ལ་	ལ་	ADP
བརྒལ་བ་	བརྒལ་བ་	VERB
ཚང་	ཚང་	VERB
སྤྲུགས་	སྤྲུགས་	VERB
སུ་	སུ་	ADP
གདབ་པ་	གདབ་པ་	VERB
ཞེ་	ཅེས་	PART
བླ་མ་	བླ་མ་	NOUN
འམ་	གམ་	PART
རྡོ་རྗེ་	རྡོ་རྗེ་	NOUN
འི་	གི་	PART
སྤུན་	སྤུན་	NOUN
གྱིས་	གིས་	PART
བར་དོ་	བར་དོ་	NOUN
འི་	གི་	PART
གདམས་པ་	གདམས་པ་	VERB
ཕོག་	ཕོག་	VERB
ན་	ནས་	PART
གསལ་	གསལ་	VERB
ལེགས་པ་	ལེགས་པ་	VERB
ར་	ལ་	PART
བཏབ་	བཏབ་	VERB
སྟེ་	སྟེ་	PART
།		PUNCT
འདི་བཞིན་	འདི་བཞིན་	NO_POS
དུ་བ་	དུ་བ་	NOUN
ར་	ལ་	PART
དོར་	དོར་	VERB
མི་	མི་	PART
བརྗེད་པ་	བརྗེད་པ་	VERB
ར་	ལ་	PART
སྐྱོང་	སྐྱོང་	VERB
དགོས་	དགོས་	VERB
སྙམ་	སྙམ་	VERB
དུ་	ལ་	PART
ངེས་པ་		
བྱ་	བྱ་	VERB
ན་	ནས་	PART
འཆི་བ་	འཆི་བ་	VERB
ཡང་	ཀྱང་	PART
དེ་	དེ་	DET
ཡིན་	ཡིན་	NO_POS
ནོ་	གོ་	PART
"།
།"		PUNCT
སླར་ཡང་	སླར་ཡང་	OTHER
མཉམ་བཞག་	མཉམ་བཞག་	NOUN
གི་	གི་	PART
སྔོན་	སྔོན་	ADV
དང་	དང་	NO_POS
།		PUNCT
དངོས་གཞི་	དངོས་གཞི་	NOUN
འི་	གི་	PART
སྐབས་	སྐབས་	NOUN
དང་	དང་	NO_POS
།		PUNCT
རྗེས་	རྗེས་	NOUN
ལ་	ལ་	ADP
ཇི་ལྟ་		
བྱ་བ་	བྱ་བ་	VERB
གོ་	གོ་	VERB
སླ་བ་	སླ་བ་	VERB
ཞིག་	ཅིག་	PART
ཤོད་	ཤོད་	VERB
ཅེས་པ་	ཅེས་པ་	PART
ར་	ལ་	PART
།		PUNCT
ལ་	ལ་	ADP
ར་	ལ་	PART
དགེ་སྦྱོར་	དགེ་སྦྱོར་	NOUN
ཅི་	ཅི་	NO_POS
བྱེད་	བྱེད་	VERB
ཀྱང་	ཀྱང་	PART
འཇིག་རྟེན་	འཇིག་རྟེན་	NOUN
གྱི་	གི་	PART
གཡེང་བ་	གཡེང་བ་	VERB
བཅད་	བཅད་	VERB
ན་	ནས་	PART
སྐྱོང་བ་	སྐྱོང་བ་	VERB
གལ་ཆེ་	གལ་ཆེ་	OTHER
ལ་	ལ་	ADP
།		PUNCT
ལྷག་པ་		
རྫོགས་ཆེན་	རྫོགས་ཆེན་	NOUN
སྒོམ་	སྒོམ་	VERB
ན་	ན་	ADP
ཆོ་	ཆོ་	NOUN
དང་	དང་	NO_POS
ཆོ་	ཆོ་	NOUN
མིན་	མིན་	AUX
གྱི་	གི་	PART
བྱ་བ་	བྱ་བ་	VERB
བཞག་	བཞག་	VERB
ལང་ལོང་	ལང་ལོང་	OTHER
མང་པོ་	མང་པོ་	ADJ
ཅམ་	ཅམ་	NO_POS
གྱིས་	གིས་	PART
བཞག་	བཞག་	VERB
སྟེ་	སྟེ་	PART
ལ་	ལ་	ADP
ས་	གིས་	PART
རླུང་	རླུང་	NOUN
དལ་	དལ་	NOUN
ཞིང་	ཞིང་	ADP
ཞི་བ་	ཞི་བ་	VERB
འི་	གི་	PART
ཐབས་	ཐབས་	NOUN
ལ་	ལ་	ADP
འབད་	འབད་	VERB
དགོས་	དགོས་	VERB
།		PUNCT
མཉམ་བཞག་	མཉམ་བཞག་	NOUN
དངོ་	དངོ་	NOUN
ཀྱི་	གི་	PART
ཚེ་	ཚེ་	NOUN
།		PUNCT
དང་པོ་	དང་པོ་	ADJ
རིག་པ་	རིག་པ་	VERB
རྗེན་	རྗེན་	NO_POS
ལ་	ལ་	ADP
བཏོན་	བཏོན་	NO_POS
ན་	ནས་	PART
།		PUNCT
དེ་ཉིད་	དེ་ཉིད་	NOUN
བཅོས་བསྒྱུར་	བཅོས་བསྒྱུར་	OTHER
སྤང་བླང་	སྤང་བླང་	NOUN
གི་	གི་	PART
ལྷད་	ལྷད་	NO_POS
མ་	མ་	PART
ཞུགས་པ་	ཞུགས་པ་	VERB
ར་	ལ་	PART
རང་བབ་	རང་བབ་	NO_POS
སུ་	སུ་	ADP
བཞག་	བཞག་	VERB
ཅིང་	ཅིང་	PART
།		PUNCT
རྣམ་རྟོག་	རྣམ་རྟོག་	NOUN
འཕྲོ་	འཕྲོ་	NOUN
ན་	ན་	ADP
ཕ་		
རྣམ་རྟོག་	རྣམ་རྟོག་	NOUN
གི་	གི་	PART
རྗེས་སུ་	རྗེས་སུ་	OTHER
མི་	མི་	PART
འབྲང་བ་	འབྲང་བ་	VERB
ར་	ལ་	PART
།		PUNCT
རིག་	རིག་	VERB
ཐོག་	ཐོག་	NOUN
ཏུ་	ལ་	PART
ཚུ་		
རང་སོ་	རང་སོ་	NOUN
བཟུང་བ་	བཟུང་བ་	VERB
གནད་	གནད་	NOUN
ཡིན་	ཡིན་	NO_POS
།		PUNCT
བདེ་	བདེ་	VERB
གསལ་	གསལ་	VERB
མི་	མི་	PART
རྟོག་པ་	རྟོག་པ་	VERB
འི་	གི་	PART
ཉམས་	ཉམས་	NOUN
སོགས་	སོགས་	DET
བཟང་ངན་	བཟང་ངན་	ADJ
གྱི་	གི་	PART
རྣམ་པ་	རྣམ་པ་	NOUN
གང་	གང་	NO_POS
བྱུང་	བྱུང་	VERB
ཡང་	ཀྱང་	PART
།		PUNCT
དེ་	དེ་	DET
ལ་	ལ་	ADP
རྩི་	རྩི་	NOUN
གདབ་	གདབ་	NO_POS
ཀྱི་	གི་	PART
རྗེས་	རྗེས་	NOUN
གཅོད་	གཅོད་	NO_POS
བྱ་	བྱ་	VERB
ཕན་ཆད་	ཕན་ཆད་	ADV
རིག་པ་	རིག་པ་	VERB
རང་མལ་	རང་མལ་	NO_POS
ན་	ནས་	PART
གཡོ་	གཡོ་	VERB
ཏེ་	སྟེ་	PART
རྩལ་	རྩལ་	NOUN
ཐོག་	ཐོག་	NOUN
ཏུ་	ལ་	PART
ཤོར་བ་	ཤོར་བ་	VERB
ཡིན་པ་	ཡིན་པ་	AUX
ས་	གིས་	PART
སྔ་	སྔ་	NOUN
བརྗོད་པ་	བརྗོད་པ་	VERB
ལྟ་	ལྟ་	OTHER
།		PUNCT
རིག་པ་	རིག་པ་	VERB
རྟེན་	རྟེན་	NOUN
མེད་	མེད་	VERB
དུ་	ལ་	PART
འཇོག་པ་	འཇོག་པ་	VERB
ཁོ་ན་	ཁོ་ན་	DET
འགག་	འགག་	VERB
དོན་	དོན་	NOUN
དུ་	ལ་	PART
ཤེ་	ཤེ་	VERB
དགོས་	དགོས་	VERB
།		PUNCT
མཉམ་རྗེས་	མཉམ་རྗེས་	NOUN
གཉིས་	གཉིས་	NUM
ལ་	ལ་	ADP
རིག་པ་	རིག་པ་	VERB
མེ་ལོང་	མེ་ལོང་	NOUN
གཡའ་	གཡའ་	NOUN
བཤུས་མ་	བཤུས་མ་	OTHER
བཤུས་	བཤུས་	NO_POS
ལྟ་བུ་	ལྟ་བུ་	NOUN
འི་	གི་	PART
ཁྱད་	ཁྱད་	NOUN
ཡོད་	ཡོད་	VERB
ཀྱང་	ཀྱང་	PART
།		PUNCT
སྐྱོང་	སྐྱོང་	VERB
ཚུལ་	ཚུལ་	NOUN
གྱི་	གི་	PART
རིགས་	རིགས་	NOUN
མི་	མི་	PART
འདྲ་བ་	འདྲ་བ་	VERB
མེད་པ་	མེད་པ་	VERB
ས་	གིས་	PART
།		PUNCT
དཔལ་	དཔལ་	OTHER
སྤྲུལ་	སྤྲུལ་	VERB
རིན་པོ་ཆེ་	རིན་པོ་ཆེ་	ADJ
ས་	གིས་	PART
།		PUNCT
མཉམ་བཞག་	མཉམ་བཞག་	NOUN
རྗེས་ཐོབ་	རྗེས་ཐོབ་	NOUN
ཐ་དད་	ཐ་དད་	ADJ
མེད་	མེད་	VERB
།		PUNCT
ཅེས་	ཅེས་	PART
གསུངས་པ་	གསུངས་པ་	VERB
ཡིན་	ཡིན་	NO_POS
།		PUNCT
ཡུལ་	ཡུལ་	NOUN
སྣང་	སྣང་	VERB
ལ་	ལ་	ADP
དེ་	དེ་	DET
ར་	ལ་	PART
འཛིན་	འཛིན་	VERB
གྱི་	གི་	PART
འཁྲུལ་པ་	འཁྲུལ་པ་	NO_POS
ལུ་གུ་རྒྱུད་	ལུ་གུ་རྒྱུད་	NO_POS
དུ་	ལ་	PART
ཤ་	ཤ་	VERB
ཚེ་	ཚེ་	NOUN
།		PUNCT
སྣང་བ་	སྣང་བ་	VERB
འི་	གི་	PART
དབང་	དབང་	NOUN
དུ་	ལ་	PART
ཤེས་པ་	ཤེས་པ་	VERB
སོང་	སོང་	VERB
ན་	ནས་	PART
ཆགས་སྡང་	ཆགས་སྡང་	NOUN
སོགས་	སོགས་	DET
ལ་	ལ་	ADP
ས་	གིས་	PART
དང་	དང་	NO_POS
ཉོན་མོངས་པ་	ཉོན་མོངས་པ་	NOUN
འི་	གི་	PART
དགྲ་	དགྲ་	NOUN
རྣམས་	རྣམས་	DET
མགོ་	མགོ་	NOUN
རྒྱལ་	རྒྱལ་	VERB
དུ་	ལ་	PART
འགྲོ་བ་	འགྲོ་བ་	VERB
ཡིན་	ཡིན་	NO_POS
ལ་	ལ་	ADP
།		PUNCT
རིག་པ་	རིག་པ་	VERB
འི་	གི་	PART
ངང་	ངང་	NOUN
མ་	མ་	PART
ཤོ་	ཤོ་	NOUN
ར་	ལ་	PART
ན་	ན་	ADP
སྤྱོད་ཡུལ་	སྤྱོད་ཡུལ་	NOUN
ཐམས་ཅད་	ཐམས་ཅད་	DET
དེ་	དེ་	DET
འི་	གི་	PART
རང་	རང་	PRON
མདངས་	མདངས་	NOUN
སུ་	སུ་	ADP
ཤ་	ཤ་	VERB
ན་	ནས་	PART
རིམ་གྱིས་	རིམ་གྱིས་	NO_POS
བརྟུལ་ཞུགས་	བརྟུལ་ཞུགས་	NOUN
ཀྱི་	གི་	PART
དྲོད་	དྲོད་	NOUN
ཐོབ་པ་	ཐོབ་པ་	VERB
ར་	ལ་	PART
འགྱུར་བ་	འགྱུར་བ་	VERB
ལགས་	ལགས་	AUX
།		PUNCT
ཞེས་་	ཞེས་པ་	PART
འང་	ཀྱང་	PART
དད་	དད་	VERB
དམ་	དམ་	PART
བརྩོན་པ་	བརྩོན་པ་	VERB
འི་	གི་	PART
ཡོན་ཏན་	ཡོན་ཏན་	NOUN
དང་	དང་	NO_POS
ལྡན་པ་	ལྡན་པ་	VERB
ཧོར་	ཧོར་	PROPN
འོད་ཟེར་	འོད་ཟེར་	NOUN
གྱི་	གི་	PART
ངོ་	ངོ་	PART
ར་	ལ་	PART
བསྟན་པ་	བསྟན་པ་	VERB
འི་	གི་	PART
ཉི་མ་	ཉི་མ་	NOUN
ས་	གིས་	PART
འཕྲལ་	འཕྲལ་	ADV
དུ་	ལ་	PART
བྲིས་པ་	བྲིས་པ་	VERB
དགེ་	དགེ་	NOUN
"༎
༎"		PUNCT
